date,course,weather,race_number,race_name,surface,distance,track_condition,num_horses,rank,bracket_number,horse_number,horse_name,sex,age,weight_carried,jockey,time,margin,popularity,odds,last_3f,passing_order,stable,horse_weight,weight_diff,horse_id
2026/03/24,大井,晴,1,C3五六,ダ,1600,良,13,1,7,10,ワールドフォンテン,牡,6,53.0,▲杉山海波,105.3,,2,7.4,39.8,1-1-1-1,大井井上弘之,451,1,2020106112
2026/03/24,大井,晴,1,C3五六,ダ,1600,良,13,2,8,12,ラブリーヨシノ,牡,6,56.0,菅原涼太,105.3,クビ,4,29.8,39.9,2-2-2-2,大井荒井朋弘,451,-6,2020102455
2026/03/24,大井,晴,1,C3五六,ダ,1600,良,13,3,4,4,ローゼンナイツ,牝,5,54.0,矢野貴之,105.5,1,1,1.2,39.8,5-4-4-4,大井藤田輝信,510,2,2021102429
2026/03/24,大井,晴,1,C3五六,ダ,1600,良,13,4,3,3,イケノギャルチャン,牝,7,54.0,石川駿介,105.6,3/4,3,11.0,39.6,9-9-11-12,大井岡野尚光,491,-7,2019101304
2026/03/24,大井,晴,1,C3五六,ダ,1600,良,13,5,5,6,アイアムイブシギン,牡,5,56.0,鷹見陸,105.7,クビ,5,32.6,40.0,6-6-5-5,大井澤佳宏,485,-3,2021102897
2026/03/24,大井,晴,1,C3五六,ダ,1600,良,13,6,6,8,アイトカコイトカ,牝,4,54.0,横川怜央,105.8,1/2,6,33.5,39.5,10-10-12-11,大井久保杉隆,461,-1,2022109083
2026/03/24,大井,晴,1,C3五六,ダ,1600,良,13,7,1,1,ブッコワース,牡,5,56.0,仲原大生,105.8,アタマ,11,93.4,39.8,7-7-8-8,大井佐々木洋,457,-2,2021103462
2026/03/24,大井,晴,1,C3五六,ダ,1600,良,13,8,4,5,ミンナノブンモ,セ,7,55.0,☆谷内貫太,105.9,1/2,12,123.6,40.0,8-8-7-7,大井久保杉隆,479,-4,2019109083
2026/03/24,大井,晴,1,C3五六,ダ,1600,良,13,9,8,13,フローラルロマンス,牝,7,54.0,澤田龍哉,106.0,1/2,8,41.0,40.6,3-3-3-3,大井田中正人,453,-8,2019109031
2026/03/24,大井,晴,1,C3五六,ダ,1600,良,13,10,2,2,ブラントンアロー,牡,5,55.0,☆中山遥人,106.9,4,10,49.2,41.0,4-5-6-6,大井須田和伸,462,-6,2021104202
2026/03/24,大井,晴,1,C3五六,ダ,1600,良,13,11,5,7,ゴッドモード,牡,7,56.0,吉井章,107.0,クビ,7,35.4,41.1,13-13-9-10,大井市村誠,475,-1,2019101552
2026/03/24,大井,晴,1,C3五六,ダ,1600,良,13,12,7,11,ラインストライカー,セ,7,56.0,野畑凌,107.1,1/2,9,46.5,40.9,11-11-13-13,大井鷹見浩,479,-2,2019102067
2026/03/24,大井,晴,1,C3五六,ダ,1600,良,13,13,6,9,オリリオ,牡,5,56.0,瀬川将輝,107.1,クビ,13,314.3,41.1,12-12-10-9,大井栗田裕光,533,-3,2021106391
2026/03/24,大井,晴,2,C3五六,ダ,1200,良,14,1,7,12,ミハタタテナシ,牡,5,56.0,千田洋,74.2,,2,9.1,38.0,1-1,大井栗田裕光,540,-1,2021105331
2026/03/24,大井,晴,2,C3五六,ダ,1200,良,14,2,8,13,ステーション,牝,4,54.0,笹川翼,74.3,1/2,1,1.1,38.1,2-2,大井福田真広,511,4,2022105631
2026/03/24,大井,晴,2,C3五六,ダ,1200,良,14,3,6,10,イッツバッド,牝,8,54.0,仲原大生,75.7,7,7,51.6,38.2,11-10,大井市村誠,445,-3,2018103552
2026/03/24,大井,晴,2,C3五六,ダ,1200,良,14,4,5,7,ウルフスタンド,牡,4,56.0,藤本現暉,75.8,3/4,10,162.2,38.8,7-7,大井渡部則夫,513,0,2022103125
2026/03/24,大井,晴,2,C3五六,ダ,1200,良,14,5,6,9,ケルティックハーツ,牡,4,56.0,吉井章,76.1,1.1/2,3,12.2,39.1,8-9,大井中道啓二,518,9,2022100807
2026/03/24,大井,晴,2,C3五六,ダ,1200,良,14,6,3,4,ピエナイオス,牝,4,54.0,岡村健司,76.2,3/4,6,24.8,39.6,4-3,大井高岩孝敏,440,-7,2022106573
2026/03/24,大井,晴,2,C3五六,ダ,1200,良,14,7,8,14,イサゴールド,牝,4,54.0,横川怜央,76.2,ハナ,13,442.7,38.7,10-11,大井庄子昭彦,423,-3,2022101463
2026/03/24,大井,晴,2,C3五六,ダ,1200,良,14,8,4,6,ミユンガー,牡,4,56.0,達城龍次,76.3,1/2,5,17.5,39.7,5-4,大井堀千亜樹,475,-1,2022106201
2026/03/24,大井,晴,2,C3五六,ダ,1200,良,14,9,5,8,コーントップス,牝,5,54.0,石川駿介,76.6,1.3/4,11,217.2,38.5,12-12,大井松浦裕之,421,-5,2021105197
2026/03/24,大井,晴,2,C3五六,ダ,1200,良,14,10,7,11,パンオショコラ,牝,5,51.0,▲杉山海波,76.9,1.1/2,9,150.5,38.2,13,大井村上頼章,504,0,2021105934
2026/03/24,大井,晴,2,C3五六,ダ,1200,良,14,11,1,1,ハナヒラク,牝,4,54.0,西啓太,77.1,1.1/4,4,15.8,40.3,6-5,大井荒井朋弘,454,3,2022102873
2026/03/24,大井,晴,2,C3五六,ダ,1200,良,14,12,2,2,ヨシノルビー,牝,4,54.0,菅原涼太,77.1,ハナ,8,83.2,40.0,9-8,大井市村誠,413,-2,2022104445
2026/03/24,大井,晴,2,C3五六,ダ,1200,良,14,13,3,3,バリアシオン,牝,4,54.0,東原悠善,78.1,5,12,277.7,41.5,3-6,大井庄子昭彦,469,-4,2022106690
2026/03/24,大井,晴,2,C3五六,ダ,1200,良,14,14,4,5,スターオブウーノ,牡,5,56.0,松崎正泰,78.6,2.1/2,14,582.9,39.5,14,大井庄子昭彦,437,-4,2021101890
2026/03/24,大井,晴,3,3歳1112,ダ,1400,良,14,1,6,9,ドリームミヤギ,牡,3,56.0,西啓太,89.8,,3,7.4,40.4,2-2-2,大井荒井朋弘,478,-2,2023104307
2026/03/24,大井,晴,3,3歳1112,ダ,1400,良,14,2,3,3,ミラクルロマンス,牝,3,51.0,▲杉山海波,90.0,1.1/4,7,69.1,39.6,5-4-4,大井納谷和玖,414,6,2023105464
2026/03/24,大井,晴,3,3歳1112,ダ,1400,良,14,3,7,12,トネタロウ,牡,3,56.0,藤田凌,90.5,2.1/2,6,26.6,39.8,7-5-5,大井朝倉実,497,8,2023102289
2026/03/24,大井,晴,3,3歳1112,ダ,1400,良,14,4,1,1,エムジェイベリー,牝,3,54.0,安藤洋一,90.5,ハナ,1,1.5,41.2,1-1-1,大井藤田輝信,495,7,2023109035
2026/03/24,大井,晴,3,3歳1112,ダ,1400,良,14,5,4,5,ヤマジュンハッピ,牝,3,53.0,☆谷内貫太,90.5,クビ,13,249.3,39.7,10-6-6,大井小野寺晋,417,-2,2023103014
2026/03/24,大井,晴,3,3歳1112,ダ,1400,良,14,6,8,14,ロックイットダウン,牡,3,56.0,和田譲治,90.7,3/4,2,5.8,41.1,4-3-3,大井中道啓二,496,1,2023104584
2026/03/24,大井,晴,3,3歳1112,ダ,1400,良,14,7,2,2,ポロリス,牝,3,54.0,石川駿介,90.7,アタマ,11,160.7,39.5,11-8-7,大井朝倉実,444,-1,2023106672
2026/03/24,大井,晴,3,3歳1112,ダ,1400,良,14,8,4,6,フォーカス,牡,3,56.0,張田昂,91.1,2,4,7.6,39.5,6-11-11,大井橋本和馬,460,3,2023105955
2026/03/24,大井,晴,3,3歳1112,ダ,1400,良,14,9,6,10,カツノベラミ,牡,3,56.0,福原杏,91.5,2,10,144.8,40.3,9-9-9,大井阪本一栄,450,0,2023102711
2026/03/24,大井,晴,3,3歳1112,ダ,1400,良,14,10,3,4,ニュークチュール,牝,3,54.0,野畑凌,91.7,1,5,14.8,40.5,3-7-8,大井坂井英光,449,-2,2023103509
2026/03/24,大井,晴,3,3歳1112,ダ,1400,良,14,11,8,13,ロジャーバロン,牡,3,55.0,☆中山遥人,91.8,クビ,8,91.0,39.1,14-14-13,大井福永敏,427,3,2023105087
2026/03/24,大井,晴,3,3歳1112,ダ,1400,良,14,12,5,7,ユウユウチャパティ,牝,3,54.0,瀬川将輝,92.0,1,12,189.1,40.3,13-12-10,大井大宮和也,434,-5,2023100671
2026/03/24,大井,晴,3,3歳1112,ダ,1400,良,14,13,5,8,グラッドキングダム,牡,3,56.0,菅原涼太,92.5,2.1/2,9,126.3,40.2,12-13-12,大井荒井朋弘,455,0,2023106042
2026/03/24,大井,晴,3,3歳1112,ダ,1400,良,14,14,7,11,ライスプディング,牝,3,51.0,▲高橋優,94.2,8,14,262.3,42.6,8-10-14,大井栗田裕光,423,4,2023101203
2026/03/24,大井,晴,4,3歳1112,ダ,1200,良,11,1,8,11,ベラジオスピード,牡,3,56.0,笹川翼,76.3,,1,1.2,38.7,3-3,大井福田真広,471,-16,2023102816
2026/03/24,大井,晴,4,3歳1112,ダ,1200,良,11,2,6,6,リップスキップ,牝,3,53.0,☆谷内貫太,76.9,3,4,16.3,39.5,2-2,大井嶋田幸晴,521,0,2023100665
2026/03/24,大井,晴,4,3歳1112,ダ,1200,良,11,3,8,10,プレストセプター,牡,3,56.0,江里口裕,77.2,1.3/4,5,16.7,39.3,6-5,大井鷹見浩,502,0,2023103001
2026/03/24,大井,晴,4,3歳1112,ダ,1200,良,11,4,7,9,レモンクォーツ,牡,3,56.0,藤本現暉,77.5,1.3/4,6,18.7,39.3,7-7,大井蛯名雄太,479,-5,2023104097
2026/03/24,大井,晴,4,3歳1112,ダ,1200,良,11,5,6,7,アースフレンドリー,牝,3,54.0,東原悠善,77.5,クビ,9,108.0,38.5,11-11,大井佐々木洋,435,-4,2023100088
2026/03/24,大井,晴,4,3歳1112,ダ,1200,良,11,6,2,2,ヤングオーオー,牝,3,51.0,▲高橋優,77.5,ハナ,8,99.7,40.3,1-1,大井朝倉実,426,-8,2023106678
2026/03/24,大井,晴,4,3歳1112,ダ,1200,良,11,7,4,4,サコクノクインビー,牝,3,54.0,横川怜央,77.5,ハナ,2,8.3,39.3,9-8,大井吉井竜一,463,-5,2023100209
2026/03/24,大井,晴,4,3歳1112,ダ,1200,良,11,8,5,5,フリホコマンドール,セ,3,56.0,石川駿介,77.6,クビ,7,22.4,39.8,5-6,大井渡辺和雄,481,0,2023104739
2026/03/24,大井,晴,4,3歳1112,ダ,1200,良,11,9,7,8,サムライタイム,牝,3,52.0,△所蛍,78.6,5,11,184.5,40.4,8-9,大井澤佳宏,414,-14,2023106663
2026/03/24,大井,晴,4,3歳1112,ダ,1200,良,11,10,3,3,ラバテラダンサー,牝,3,51.0,▲杉山海波,78.9,1.3/4,10,137.7,40.3,10-10,大井高岩孝敏,404,-8,2023104859
2026/03/24,大井,晴,4,3歳1112,ダ,1200,良,11,11,1,1,ラナカイドウ,牝,3,54.0,藤田凌,78.9,ハナ,3,10.1,41.2,4-4,大井阪本一栄,410,-17,2023102014
2026/03/24,大井,晴,5,3歳九十,ダ,1600,良,9,1,2,2,コスモサイテス,牡,3,56.0,笹川翼,105.9,,5,5.7,39.9,5-5-7-7,大井宗形竹見,449,6,2023103627
2026/03/24,大井,晴,5,3歳九十,ダ,1600,良,9,2,6,6,アヒレウス,牡,3,56.0,野畑凌,106.0,1/2,4,5.6,40.7,1-1-1-1,大井宗形竹見,531,3,2023106472
2026/03/24,大井,晴,5,3歳九十,ダ,1600,良,9,3,8,8,グロードリーム,牝,3,54.0,張田昂,106.7,3.1/2,7,19.1,40.9,4-4-6-6,大井橋本和馬,455,4,2023100004
2026/03/24,大井,晴,5,3歳九十,ダ,1600,良,9,4,8,9,アネラリノ,牡,3,56.0,安藤洋一,106.8,クビ,1,3.0,41.4,9-9-2-2,大井渡辺和雄,502,0,2023100250
2026/03/24,大井,晴,5,3歳九十,ダ,1600,良,9,5,1,1,ピーチサワー,牝,3,51.0,▲高橋優,106.8,クビ,9,99.7,41.1,3-3-4-4,大井栗田裕光,422,-2,2023101958
2026/03/24,大井,晴,5,3歳九十,ダ,1600,良,9,6,3,3,バラミブンダ,牝,3,54.0,西啓太,107.4,3,3,5.0,41.7,7-7-5-3,大井田中正人,424,1,2023100370
2026/03/24,大井,晴,5,3歳九十,ダ,1600,良,9,7,4,4,ファンキーヤンキー,牡,3,55.0,☆谷内貫太,107.4,ハナ,2,4.9,41.4,6-6-8-8,大井嶋田幸晴,463,-3,2023109060
2026/03/24,大井,晴,5,3歳九十,ダ,1600,良,9,8,7,7,オーシャンクロノス,牝,3,54.0,達城龍次,107.5,クビ,8,33.0,42.0,2-2-3-5,大井荒井朋弘,452,0,2023104422
2026/03/24,大井,晴,5,3歳九十,ダ,1600,良,9,9,5,5,パド,牡,3,53.0,▲杉山海波,108.9,7,6,13.0,42.5,8-8-9-9,大井村上頼章,421,-4,2023104985
2026/03/24,大井,晴,6,3歳九十,ダ,1200,良,14,1,4,5,リスティアワン,牡,3,56.0,笹川翼,74.7,,1,1.3,38.1,1-1,大井鷹見浩,504,14,2023104591
2026/03/24,大井,晴,6,3歳九十,ダ,1200,良,14,2,1,1,ドリームパンサー,牝,3,54.0,藤田凌,76.1,7,2,7.3,38.6,9-7,大井高野毅,465,-3,2023102079
2026/03/24,大井,晴,6,3歳九十,ダ,1200,良,14,3,3,4,クレマチスノーブル,セ,3,56.0,和田譲治,76.5,2,3,8.2,39.3,7-5,大井大宮和也,461,-29,2023101184
2026/03/24,大井,晴,6,3歳九十,ダ,1200,良,14,4,8,13,エイシンシームレス,牝,3,54.0,高野誠毅,76.6,クビ,10,91.8,39.9,2-2,大井久保杉隆,445,1,2023105520
2026/03/24,大井,晴,6,3歳九十,ダ,1200,良,14,5,3,3,カンノンピョンタ,牡,3,56.0,町田直希,76.6,クビ,8,47.5,39.1,10-10,大井渡部則夫,442,-4,2023107460
2026/03/24,大井,晴,6,3歳九十,ダ,1200,良,14,6,5,8,ハッピーワイド,牡,3,56.0,鷹見陸,77.2,3,14,325.6,39.9,8-8,大井渡部則夫,504,5,2023109016
2026/03/24,大井,晴,6,3歳九十,ダ,1200,良,14,7,5,7,リュウノナナホシ,牝,3,54.0,岡村健司,77.2,クビ,9,50.6,40.1,5-6,大井高岩孝敏,487,-2,2023106122
2026/03/24,大井,晴,6,3歳九十,ダ,1200,良,14,8,8,14,ファジーエンジェル,牝,3,54.0,仲原大生,77.2,ハナ,7,41.1,39.7,11-11,大井佐々木洋,491,-1,2023101211
2026/03/24,大井,晴,6,3歳九十,ダ,1200,良,14,9,4,6,カチョカヴァロ,牡,3,55.0,☆谷内貫太,77.3,クビ,6,37.7,39.6,12-12,大井市村誠,455,2,2023100373
2026/03/24,大井,晴,6,3歳九十,ダ,1200,良,14,10,2,2,エースインフェルノ,牝,3,54.0,達城龍次,77.3,クビ,4,9.6,40.4,4-3,大井嶋田幸晴,445,-1,2023101800
2026/03/24,大井,晴,6,3歳九十,ダ,1200,良,14,11,7,12,ガリマド,牝,3,54.0,高橋昭平,77.5,1,12,173.6,39.8,13-13,大井赤嶺本浩,424,-12,2023101985
2026/03/24,大井,晴,6,3歳九十,ダ,1200,良,14,12,7,11,ゴールデンルチル,牡,3,56.0,藤本現暉,77.8,1.1/2,5,29.1,41.0,3-4,大井朝倉実,463,5,2023102664
2026/03/24,大井,晴,6,3歳九十,ダ,1200,良,14,13,6,10,ヨバフウチ,牝,3,54.0,千田洋,78.4,3,13,249.5,40.1,14-14,大井赤嶺本浩,427,-1,2023106287
2026/03/24,大井,晴,6,3歳九十,ダ,1200,良,14,14,6,9,リトルエース,牝,3,53.0,☆中山遥人,78.4,ハナ,11,142.2,41.2,6-9,大井佐宗応和,408,7,2023104458
2026/03/24,大井,晴,7,C2十1112(C211),ダ,1600,良,11,1,7,8,ダノンアルプス,牡,5,56.0,安藤洋一,102.7,,1,1.0,39.8,2-2-2-1,大井坂井英光,544,0,2021101390
2026/03/24,大井,晴,7,C2十1112(C211),ダ,1600,良,11,2,3,3,ブルーキャット,牝,4,54.0,本田正重,102.9,1.1/4,3,10.9,40.0,1-1-1-2,大井栗田裕光,466,7,2022107253
2026/03/24,大井,晴,7,C2十1112(C211),ダ,1600,良,11,3,6,7,ノーブルプライム,牡,4,56.0,和田譲治,103.3,2,2,10.8,40.1,3-3-3-3,大井佐野謙二,471,-4,2022104280
2026/03/24,大井,晴,7,C2十1112(C211),ダ,1600,良,11,4,5,5,ヴィフアクター,牝,4,51.0,▲高橋優,103.8,2.1/2,8,125.0,39.0,10-9,大井須田和伸,451,-1,2022105934
2026/03/24,大井,晴,7,C2十1112(C211),ダ,1600,良,11,5,2,2,デルマアリエル,牡,4,56.0,横川怜央,103.9,1/2,4,24.3,40.4,4-5-4-4,大井鈴木啓之,476,5,2022101968
2026/03/24,大井,晴,7,C2十1112(C211),ダ,1600,良,11,6,1,1,ビーチユーミング,牡,6,56.0,岡村健司,104.0,クビ,5,25.0,40.1,8-7-7-6,大井佐宗応和,470,-8,2020104761
2026/03/24,大井,晴,7,C2十1112(C211),ダ,1600,良,11,7,7,9,ディサイデッド,牡,4,56.0,菅原涼太,104.7,3.1/2,9,139.3,41.1,6-7,大井小野寺晋,449,-2,2022100845
2026/03/24,大井,晴,7,C2十1112(C211),ダ,1600,良,11,8,4,4,ハヴィティペイ,牡,8,56.0,本村直樹,105.6,4,10,198.1,41.7,7-6-8-8,大井高岩孝敏,480,-2,2018100197
2026/03/24,大井,晴,7,C2十1112(C211),ダ,1600,良,11,9,6,6,コーゲンカイショウ,セ,4,53.0,▲杉山海波,105.6,アタマ,6,56.3,42.1,5-4-5-5,大井井上弘之,472,-2,2022103075
2026/03/24,大井,晴,7,C2十1112(C211),ダ,1600,良,11,10,8,11,ジョーソーレ,牝,5,54.0,田中洸多,107.1,7,11,270.4,42.6,9-9-9-10,大井小野寺晋,451,3,2021102674
2026/03/24,大井,晴,7,C2十1112(C211),ダ,1600,良,11,11,8,10,ストロガノフ,牡,4,56.0,西啓太,107.9,4,7,96.2,43.1,6-8-11-11,大井佐野謙二,466,0,2022104228
2026/03/24,大井,晴,8,コモドール賞(C211),ダ,1400,良,12,1,6,7,グランダイト,セ,4,56.0,西啓太,88.1,,1,1.2,37.9,5-5-3,大井荒井朋弘,480,2,2022105691
2026/03/24,大井,晴,8,コモドール賞(C211),ダ,1400,良,12,2,6,8,ウイングウインド,牡,8,56.0,田中洸多,88.7,3,4,11.9,38.8,3-2-2,大井橋本和馬,484,-4,2018106575
2026/03/24,大井,晴,8,コモドール賞(C211),ダ,1400,良,12,3,5,5,サントグラール,牝,5,54.0,本田正重,88.8,3/4,2,10.2,37.5,12-12-12,大井蛯名雄太,455,6,2021105206
2026/03/24,大井,晴,8,コモドール賞(C211),ダ,1400,良,12,4,3,3,ラストフロンティア,牡,5,56.0,高野誠毅,89.1,1.1/2,5,22.2,38.0,10-11-11,大井村上頼章,447,2,2021101122
2026/03/24,大井,晴,8,コモドール賞(C211),ダ,1400,良,12,5,1,1,ピースフィールド,セ,4,56.0,達城龍次,89.1,ハナ,8,34.8,38.3,9-8-9,大井納谷和玖,471,1,2022100058
2026/03/24,大井,晴,8,コモドール賞(C211),ダ,1400,良,12,6,7,9,アジアンゴールド,牝,4,54.0,福原杏,89.1,クビ,12,199.7,38.2,11-10-8,大井高野毅,432,1,2022100884
2026/03/24,大井,晴,8,コモドール賞(C211),ダ,1400,良,12,7,7,10,ガビーズファミリー,牝,4,53.0,☆中山遥人,89.3,3/4,7,29.6,38.7,8-7-6,大井須田和伸,446,-13,2022106900
2026/03/24,大井,晴,8,コモドール賞(C211),ダ,1400,良,12,8,4,4,オールズフェア,セ,6,56.0,藤田凌,90.2,4,3,11.2,40.3,1-1-1,大井中道啓二,525,2,2020105577
2026/03/24,大井,晴,8,コモドール賞(C211),ダ,1400,良,12,9,5,6,ゲイシール,牡,5,56.0,仲原大生,90.2,アタマ,10,130.3,39.4,7-9-10,大井岡野尚光,475,-3,2021104026
2026/03/24,大井,晴,8,コモドール賞(C211),ダ,1400,良,12,10,8,12,プレインコート,牝,4,54.0,菅原涼太,90.5,1.1/2,11,145.5,40.3,6-4-5,大井堀千亜樹,418,1,2022104646
2026/03/24,大井,晴,8,コモドール賞(C211),ダ,1400,良,12,11,8,11,ウェイトノーモア,牡,4,56.0,吉井章,90.6,クビ,6,24.5,40.5,4-3-4,大井的場直之,506,0,2022101912
2026/03/24,大井,晴,8,コモドール賞(C211),ダ,1400,良,12,12,2,2,ヴァイスウィッチ,牝,4,54.0,千田洋,91.3,3.1/2,9,45.4,40.8,2-6-7,大井栗田裕光,492,-1,2022101530
2026/03/24,大井,晴,9,C2十1112(C211),ダ,1200,良,12,1,5,5,リコーヘンメリー,牡,6,56.0,藤田凌,73.5,,1,2.3,36.5,9-8,大井蛯名雄太,477,2,2020102373
2026/03/24,大井,晴,9,C2十1112(C211),ダ,1200,良,12,2,7,9,タカノドリーム,牡,7,56.0,御神本訓,74.5,5,2,3.3,38.3,5-5,大井栗田裕光,506,-4,2019100376
2026/03/24,大井,晴,9,C2十1112(C211),ダ,1200,良,12,3,2,2,チェイスザファイア,セ,4,53.0,▲高橋優,74.6,3/4,7,29.7,39.1,1-1,大井渡辺和雄,495,-1,2022102725
2026/03/24,大井,晴,9,C2十1112(C211),ダ,1200,良,12,4,8,12,シカレ,牝,4,51.0,▲杉山海波,74.7,1/2,8,34.1,38.8,4-3,大井高岩孝敏,436,-1,2022104308
2026/03/24,大井,晴,9,C2十1112(C211),ダ,1200,良,12,5,6,8,ナムラミック,牡,5,56.0,笹川翼,75.0,1.1/2,4,8.6,39.4,2-2,大井赤嶺本浩,481,-4,2021102630
2026/03/24,大井,晴,9,C2十1112(C211),ダ,1200,良,12,6,1,1,トーセンアマンダ,牝,8,54.0,遠藤健太,75.2,1,9,131.2,37.8,11-10,大井遠藤茂,499,-1,2018105675
2026/03/24,大井,晴,9,C2十1112(C211),ダ,1200,良,12,7,3,3,エンドレスバンカー,牡,4,56.0,野畑凌,75.3,クビ,5,13.4,38.7,7-6,大井須田和伸,495,-1,2022102860
2026/03/24,大井,晴,9,C2十1112(C211),ダ,1200,良,12,8,6,7,フオメンタ,牝,4,54.0,本田正重,75.6,1.1/2,6,15.1,38.8,8-9,大井福田真広,480,-2,2022103377
2026/03/24,大井,晴,9,C2十1112(C211),ダ,1200,良,12,9,4,4,ディフィラリー,牡,5,56.0,瀬川将輝,75.9,1.3/4,11,133.7,39.4,6-7,大井庄子昭彦,521,-1,2021101183
2026/03/24,大井,晴,9,C2十1112(C211),ダ,1200,良,12,10,8,11,クライトゥナイト,牝,6,54.0,石川駿介,76.1,1,3,5.6,40.3,3-4,大井渡辺和雄,488,-6,2020105727
2026/03/24,大井,晴,9,C2十1112(C211),ダ,1200,良,12,11,7,10,ウイニングショット,牡,4,55.0,☆及川烈,76.2,1/2,10,132.8,38.9,10-11,大井朝倉実,470,-2,2022107026
2026/03/24,大井,晴,9,C2十1112(C211),ダ,1200,良,12,12,5,6,トリフォーリオ,牝,4,54.0,櫻井光輔,77.7,7,12,204.1,40.2,12-12,大井堀江仁,461,-5,2022101512
2026/03/24,大井,晴,10,おおぐま座特別競走(C2),ダ,2000,良,14,1,3,3,オンリーユーズド,セ,4,56.0,江里口裕,130.7,,12,37.4,40.2,1-1-1-1,大井上杉昌宏,484,1,2022101008
2026/03/24,大井,晴,10,おおぐま座特別競走(C2),ダ,2000,良,14,2,7,11,ケンオーシャン,牡,4,56.0,藤本現暉,131.0,1.3/4,6,10.7,39.6,4-5-6-3,大井高橋清顕,486,-2,2022102941
2026/03/24,大井,晴,10,おおぐま座特別競走(C2),ダ,2000,良,14,3,6,9,ツートンショコラ,牝,5,54.0,和田譲治,131.5,2.1/2,5,9.9,39.8,5-6-7-7,大井蛯名雄太,477,1,2021103398
2026/03/24,大井,晴,10,おおぐま座特別競走(C2),ダ,2000,良,14,4,4,6,ストライクノワール,牡,5,56.0,町田直希,131.7,1,4,6.5,40.4,10-8-5-6,大井宗形竹見,478,4,2021102125
2026/03/24,大井,晴,10,おおぐま座特別競走(C2),ダ,2000,良,14,5,8,14,マウリノ,牡,5,53.0,▲高橋優,131.8,クビ,2,5.4,40.7,4-3-2,大井渡辺和雄,473,1,2021101440
2026/03/24,大井,晴,10,おおぐま座特別競走(C2),ダ,2000,良,14,6,5,7,トウテイラン,牝,4,54.0,鷹見陸,131.8,クビ,8,14.1,39.0,11-12-12-11,大井大宮和也,471,-1,2022102774
2026/03/24,大井,晴,10,おおぐま座特別競走(C2),ダ,2000,良,14,7,4,5,フタバサクセス,牡,4,56.0,西啓太,132.0,1,1,4.8,38.8,12-13-13-13,大井鷹見浩,457,-2,2022102002
2026/03/24,大井,晴,10,おおぐま座特別競走(C2),ダ,2000,良,14,8,8,13,コスモギンガ,牝,9,51.0,▲杉山海波,132.1,1/2,13,84.6,38.5,13-14-14-14,大井小野寺晋,476,2,2017100627
2026/03/24,大井,晴,10,おおぐま座特別競走(C2),ダ,2000,良,14,9,7,12,コウフウセイゲツ,牡,4,56.0,野畑凌,132.3,3/4,9,19.1,41.2,3-3-4-4,大井田中正人,435,-2,2022105409
2026/03/24,大井,晴,10,おおぐま座特別競走(C2),ダ,2000,良,14,10,5,8,メイショウカジボウ,牡,4,56.0,笹川翼,132.5,3/4,3,5.8,40.0,7-9-10-10,大井宗形竹見,481,4,2022102554
2026/03/24,大井,晴,10,おおぐま座特別競走(C2),ダ,2000,良,14,11,6,10,アンジュパラディ,牝,4,54.0,矢野貴之,132.6,3/4,7,12.2,40.1,6-7-9-9,大井須田和伸,441,1,2022102084
2026/03/24,大井,晴,10,おおぐま座特別競走(C2),ダ,2000,良,14,12,3,4,グリスタン,牡,4,56.0,吉井章,133.5,4,10,19.3,41.2,8-10-8-8,大井澤佳宏,484,5,2022102559
2026/03/24,大井,晴,10,おおぐま座特別競走(C2),ダ,2000,良,14,13,1,1,ブレスト,牝,4,54.0,遠藤健太,133.5,ハナ,14,178.1,40.7,9-11-11-12,大井遠藤茂,450,-1,2022105667
2026/03/24,大井,晴,10,おおぐま座特別競走(C2),ダ,2000,良,14,14,2,2,コロニス,牝,4,53.0,☆中山遥人,135.1,8,11,23.3,44.2,2-2-5,大井福永敏,577,4,2022102886
2026/03/24,大井,晴,11,わかば賞競走(B2),ダ,1400,良,16,1,6,11,シビックドリーム,牡,4,56.0,安藤洋一,86.7,,2,5.0,38.7,1-3-4,大井米田英世,520,-5,2022104241
2026/03/24,大井,晴,11,わかば賞競走(B2),ダ,1400,良,16,2,6,12,ワールドエイム,牝,4,54.0,矢野貴之,86.7,クビ,1,2.3,37.6,13-13-10,大井渡辺和雄,501,4,2022103005
2026/03/24,大井,晴,11,わかば賞競走(B2),ダ,1400,良,16,3,2,4,プレストステラ,牡,6,56.0,本橋孝太,86.8,3/4,6,16.8,39.1,3-1-1,大井鷹見浩,501,-3,2020105236
2026/03/24,大井,晴,11,わかば賞競走(B2),ダ,1400,良,16,4,3,5,スリーキングス,牡,4,56.0,澤田龍哉,87.2,2,10,32.5,38.3,12-11-12,大井荒山勝徳,511,-3,2022102217
2026/03/24,大井,晴,11,わかば賞競走(B2),ダ,1400,良,16,5,5,9,サヨノトレイダー,牝,7,54.0,鷹見陸,87.2,ハナ,7,22.6,37.9,14-14-14,大井藤田輝信,463,3,2019104515
2026/03/24,大井,晴,11,わかば賞競走(B2),ダ,1400,良,16,6,7,14,アポロリヤム,セ,7,56.0,張田昂,87.4,1.1/4,14,158.1,37.5,16-16-15,大井市村誠,463,1,2019101263
2026/03/24,大井,晴,11,わかば賞競走(B2),ダ,1400,良,16,7,7,13,ブーヤカ,セ,5,56.0,御神本訓,87.6,1,8,24.1,38.9,8-10-8,大井荒山勝徳,470,1,2021105211
2026/03/24,大井,晴,11,わかば賞競走(B2),ダ,1400,良,16,8,4,8,コスモソンジュ,牡,5,56.0,和田譲治,87.8,3/4,13,123.6,39.4,7-7-7,大井宗形竹見,438,0,2021106831
2026/03/24,大井,晴,11,わかば賞競走(B2),ダ,1400,良,16,9,1,2,コーラルキング,牡,4,56.0,吉井章,87.9,3/4,5,8.7,39.9,4-4-3,大井鈴木啓之,482,-8,2022100559
2026/03/24,大井,晴,11,わかば賞競走(B2),ダ,1400,良,16,10,8,15,ガンモレジェンド,牡,6,56.0,菅原涼太,88.0,クビ,16,221.9,38.3,15-15-16,大井栗田泰昌,418,-4,2020100590
2026/03/24,大井,晴,11,わかば賞競走(B2),ダ,1400,良,16,11,4,7,アベニンスマイル,牡,5,56.0,横川怜央,88.1,1/2,4,8.1,40.3,2-2-2,大井鈴木啓之,533,-5,2021101550
2026/03/24,大井,晴,11,わかば賞競走(B2),ダ,1400,良,16,12,8,16,ベンテイガ,セ,7,56.0,笹川翼,88.5,2,3,6.9,40.4,5-6-5,大井米田英世,503,-2,2019105996
2026/03/24,大井,晴,11,わかば賞競走(B2),ダ,1400,良,16,13,5,10,フレンドローマ,牡,4,56.0,野畑凌,89.0,2.1/2,12,104.6,40.1,11-12-11,大井上杉昌宏,462,4,2022100337
2026/03/24,大井,晴,11,わかば賞競走(B2),ダ,1400,良,16,14,1,1,モンゲーキララ,牝,4,53.0,☆中山遥人,89.0,クビ,15,184.2,40.4,10-8-9,大井上杉昌宏,432,-4,2022101109
2026/03/24,大井,晴,11,わかば賞競走(B2),ダ,1400,良,16,15,3,6,ディージェーサン,牝,7,54.0,藤本現暉,90.0,5,11,95.3,41.9,6-5-6,大井蛯名雄太,451,3,2019103517
2026/03/24,大井,晴,11,わかば賞競走(B2),ダ,1400,良,16,16,2,3,リシャールケリー,牡,6,56.0,山中悠希,90.4,2,9,31.2,41.8,9-9-13,大井中道啓二,521,15,2020102229
2026/03/24,大井,晴,12,うみへび座特別競走(C1),ダ,1800,良,13,1,8,13,フェアゴー,牡,4,56.0,御神本訓,115.7,,1,1.6,38.8,4-4-3-3,大井森下淳平,494,-5,2022105174
2026/03/24,大井,晴,12,うみへび座特別競走(C1),ダ,1800,良,13,2,8,12,ファーストメイト,牡,5,56.0,福原杏,116.1,2,8,22.9,38.1,6-6-7-7,大井阪本一栄,480,-3,2021106798
2026/03/24,大井,晴,12,うみへび座特別競走(C1),ダ,1800,良,13,3,7,11,アレグランサ,牡,4,56.0,達城龍次,116.2,1/2,11,56.6,39.4,2-2-1-1,大井吉井竜一,507,-4,2022105806
2026/03/24,大井,晴,12,うみへび座特別競走(C1),ダ,1800,良,13,4,5,6,インティコン,牡,4,56.0,矢野貴之,116.3,3/4,2,4.8,38.9,5-5-5-5,大井藤田輝信,495,-2,2022100057
2026/03/24,大井,晴,12,うみへび座特別競走(C1),ダ,1800,良,13,5,4,5,ゴンザーゴ,牡,5,56.0,笹川翼,117.1,4,3,11.3,38.8,10-8-8-8,大井福永敏,473,2,2021105388
2026/03/24,大井,晴,12,うみへび座特別競走(C1),ダ,1800,良,13,6,3,3,ボラボラフレイバー,牡,6,56.0,野畑凌,117.1,ハナ,4,15.7,39.1,7-7-6-6,大井月岡健二,456,4,2020100768
2026/03/24,大井,晴,12,うみへび座特別競走(C1),ダ,1800,良,13,7,2,2,カラーオブジアース,牡,5,56.0,藤田凌,117.1,アタマ,5,17.3,38.5,12-12-9-9,大井森下淳平,491,-4,2021100360
2026/03/24,大井,晴,12,うみへび座特別競走(C1),ダ,1800,良,13,8,7,10,ショットオブザデイ,牡,7,56.0,仲原大生,117.5,2,6,21.9,38.5,13-13-12-12,大井市村誠,496,0,2019101694
2026/03/24,大井,晴,12,うみへび座特別競走(C1),ダ,1800,良,13,9,6,9,キタサンユニゾン,牡,8,56.0,鷹見陸,117.8,1.1/2,10,42.3,40.8,3-3-4-4,大井米田英世,497,5,2018103650
2026/03/24,大井,晴,12,うみへび座特別競走(C1),ダ,1800,良,13,10,1,1,サガノオウマサン,セ,5,55.0,☆中山遥人,118.0,1,12,72.2,39.2,11-10-11-10,大井栗田泰昌,442,-7,2021100701
2026/03/24,大井,晴,12,うみへび座特別競走(C1),ダ,1800,良,13,11,5,7,キャロルビアンカ,牝,6,54.0,吉井章,118.6,3,7,22.7,39.9,8-9-10-11,大井松浦裕之,495,0,2020100719
2026/03/24,大井,晴,12,うみへび座特別競走(C1),ダ,1800,良,13,12,6,8,センジュ,牡,7,56.0,藤本現暉,118.6,クビ,9,35.0,39.3,9-11-13-13,大井佐々木洋,481,2,2019109068
2026/03/24,大井,晴,12,うみへび座特別競走(C1),ダ,1800,良,13,13,4,4,ヒシタイカン,セ,6,56.0,東原悠善,118.9,1.3/4,13,108.0,42.1,1-1-2-2,大井澤佳宏,441,-1,2020103685
